Player,Age,Team,Season,Minutes,PSxG +/- per 90,Crosses Stopped % per 90,Def Actions Outside Penalty Area per 90,Goals Against per 90,Rating
Justine Lerond,23,Bordeaux,2023-24,1710,0.6,0.08,0.16,2.32,4.86
Maïté Mendiburu,15,Bordeaux,2023-24,270,0.49,0.0,0.08,1.67,0.46
Lisa Lichtfus,23,Dijon,2023-24,1620,0.59,0.16,0.21,1.94,4.7
Alice Pinguet,21,Dijon,2023-24,360,0.38,0.57,0.62,3.0,0.89
Chloé N'Gazi,27,Fleury,2023-24,1260,0.8,0.12,0.25,1.64,4.82
Manon Heil,26,Fleury,2023-24,630,0.54,0.38,0.22,1.14,1.75
Marie Morgane Sieber,21,Guingamp,2023-24,990,0.37,0.12,0.07,2.55,1.68
Cindy Perrault,27,Guingamp,2023-24,990,0.79,0.23,0.04,1.91,3.67
Katriina Talaslahti,22,Le Havre,2023-24,1080,0.48,0.14,0.08,2.5,2.43
Laëtitia Philippe,32,Le Havre,2023-24,900,0.6,0.05,0.42,1.6,2.67
Elisa Launay,25,Lille,2023-24,1800,0.38,0.1,0.29,3.0,3.59
Christiane Endler,32,Lyon,2023-24,1440,0.87,0.08,0.36,0.5,6.06
Laura Benkarth,30,Lyon,2023-24,450,0.57,0.4,0.45,0.6,1.37
Marie Petiteau,21,Montpellier,2023-24,1440,0.76,0.12,0.16,1.75,5.14
Cosette Morché,26,Montpellier,2023-24,540,0.89,0.65,0.29,1.33,2.52
Chiamaka Nnadozie,22,Paris FC,2023-24,1620,0.72,0.14,0.35,1.17,5.85
Inès Marques,19,Paris FC,2023-24,360,0.51,0.45,0.5,1.5,1.01
Constance Picaud,25,Paris Saint Germain,2023-24,1080,0.85,0.18,0.21,0.58,4.39
Katarzyna Kiedrzynek,32,Paris Saint Germain,2023-24,720,0.79,0.16,0.16,0.88,2.62
Maryne Gignoux-Soulier,27,Saint Etienne,2023-24,1935,0.41,0.07,0.44,2.37,4.32
Kinga Szemik,26,Stade de Reims,2023-24,1980,0.92,0.03,0.08,1.41,8.26
Mylène Chavas,24,Bordeaux,2022-23,1710,0.53,0.14,0.35,1.58,5.9
Justine Lerond,22,Bordeaux,2022-23,270,0.43,0.23,0.49,1.0,0.71
Lisa Lichtfus,22,Dijon,2022-23,1890,0.5,0.06,0.32,2.14,5.97
Manon Heil,25,Fleury,2022-23,1979,0.56,0.09,0.25,0.91,6.89
Cindy Perrault,26,Guingamp,2022-23,1170,0.56,0.18,0.26,1.85,4.15
Solène Durand,27,Guingamp,2022-23,810,0.62,0.23,0.29,1.89,3.17
Laëtitia Philippe,31,Le Havre,2022-23,1980,0.58,0.04,0.54,2.05,7.58
Christiane Endler,31,Lyon,2022-23,1710,0.63,0.05,0.22,0.42,6.36
Lisa Schmitz,30,Montpellier,2022-23,1616,0.54,0.09,0.52,1.17,5.79
Romane Salvador,24,Montpellier,2022-23,362,0.53,0.42,0.28,0.75,1.22
Chiamaka Nnadozie,21,Paris FC,2022-23,1845,0.68,0.11,0.45,0.83,8.04
Sarah Bouhaddi,35,Paris Saint Germain,2022-23,1350,0.54,0.19,0.55,0.73,5.04
Constance Picaud,24,Paris Saint Germain,2022-23,495,0.61,0.44,0.07,0.18,1.86
Marie Morgane Sieber,20,Rodez,2022-23,1980,0.54,0.09,0.32,2.18,6.77
Romane Munich,27,Soyaux,2022-23,1890,0.47,0.05,0.48,2.62,5.9
Emily Alvarado,24,Stade de Reims,2022-23,1530,0.39,0.05,0.11,1.65,3.48
Kinga Szemik,25,Stade de Reims,2022-23,404,0.57,0.17,0.08,1.78,1.25
Mylène Chavas,23,Bordeaux,2021-22,1260,0.54,0.16,0.22,1.5,3.96
Anna Moorhouse,26,Bordeaux,2021-22,360,0.94,0.28,0.14,0.75,1.82
Laëtitia Philippe,30,Bordeaux,2021-22,360,0.55,0.11,0.38,1.25,1.09
Solène Durand,26,Dijon,2021-22,1469,0.76,0.08,0.12,1.78,5.99
Lisa Lichtfus,21,Dijon,2021-22,511,0.22,0.31,0.13,2.82,0.72
Katriina Talaslahti,20,Fleury,2021-22,1232,0.74,0.07,0.03,1.02,4.77
Émmeline Mainguy,33,Fleury,2021-22,748,0.59,0.12,0.16,1.44,2.41
Cindy Perrault,25,Guingamp,2021-22,1641,0.42,0.11,0.29,2.36,4.17
Cosette Morché,24,Issy,2021-22,1800,0.65,0.1,0.1,2.65,6.43
Christiane Endler,30,Lyon,2021-22,1260,0.88,0.09,0.18,0.36,6.01
Sarah Bouhaddi,34,Lyon,2021-22,360,0.78,0.0,1.0,0.25,1.71
Emma Holmgren,24,Lyon,2021-22,360,0.6,0.51,0.43,0.5,1.39
Lisa Schmitz,29,Montpellier,2021-22,1440,0.84,0.06,0.27,1.44,6.7
Gabrielle Lambert,27,Montpellier,2021-22,540,0.92,0.23,0.16,0.33,2.71
Chiamaka Nnadozie,20,Paris FC,2021-22,1980,0.93,0.05,0.2,0.95,10.0
Barbora Votíková,24,Paris Saint Germain,2021-22,1080,0.71,0.07,0.35,0.75,4.37
Charlotte Voll,22,Paris Saint Germain,2021-22,540,0.96,0.09,0.19,0.33,2.75
Stephanie Labbé,34,Paris Saint Germain,2021-22,270,0.88,0.89,0.06,0.0,1.44
Maryne Gignoux-Soulier,25,Saint Etienne,2021-22,1080,0.31,0.04,0.18,2.58,1.86
Emily Burns,24,Saint Etienne,2021-22,900,0.46,0.14,0.32,2.3,2.49
Romane Munich,26,Soyaux,2021-22,1620,0.55,0.08,0.21,2.5,5.0
Laëtitia Philippe,30,Soyaux,2021-22,270,0.78,0.0,0.32,1.67,1.06
Emily Alvarado,23,Stade de Reims,2021-22,1980,0.59,0.04,0.07,1.73,6.21
Maria-Luisa Grohs,22,Bayern Munich,2023-24,1880,0.84,0.05,0.23,0.34,7.4
Stina Johannes,23,Eintracht Frankfurt,2023-24,1886,0.55,0.08,0.19,1.15,5.02
Sophia Winkler,20,Essen,2023-24,1819,0.72,0.11,0.08,0.89,6.09
Rafaela Borggräfe,23,Freiburg,2023-24,1254,0.51,0.05,0.3,1.79,3.13
Julia Kassen,21,Freiburg,2023-24,450,0.2,0.07,0.4,2.0,0.44
Gabrielle Lambert,29,Freiburg,2023-24,276,0.1,0.58,0.98,2.93,0.38
Martina Tufeković,29,Hoffenheim,2023-24,1710,0.78,0.08,0.3,1.42,6.45
Jasmin Pal,26,Koln,2023-24,1215,0.57,0.12,0.28,1.85,3.43
Paula Hoppe,17,Koln,2023-24,765,0.49,0.24,0.09,2.12,1.79
Friederike Abt,29,Bayer Leverkusen,2023-24,1980,0.65,0.05,0.15,1.14,6.02
Ena Mahmutovic,19,MSV Duisburg,2023-24,1974,0.64,0.06,0.34,2.87,6.23
Kristin Krammer,21,1 FC Nurnberg,2023-24,1260,0.53,0.09,0.11,3.0,3.1
Lea Paulick,23,1 FC Nurnberg,2023-24,703,0.44,0.09,0.35,2.3,1.52
Elvira Herzog,23,RB Leipzig,2023-24,1980,0.7,0.04,0.55,1.86,7.07
Livia Peng,21,Werder Bremen,2023-24,1795,0.66,0.11,0.76,1.4,6.58
Merle Frohms,28,Wolfsburg,2023-24,1665,0.7,0.03,0.51,0.76,5.85
Lisa Schmitz,31,Wolfsburg,2023-24,315,0.68,0.42,0.72,1.43,1.15
Maria-Luisa Grohs,21,Bayern Munich,2022-23,1872,0.56,0.11,0.57,0.38,7.15
Stina Johannes,22,Eintracht Frankfurt,2022-23,1980,0.44,0.03,0.2,1.0,5.3
Sophia Winkler,19,Essen,2022-23,1800,0.42,0.12,0.26,1.8,4.89
Rafaela Borggräfe,22,Freiburg,2022-23,900,0.41,0.16,0.41,1.7,2.48
Lena Nuding,29,Freiburg,2022-23,851,0.29,0.08,0.75,2.54,1.99
Martina Tufeković,28,Hoffenheim,2022-23,1620,0.58,0.07,0.64,1.17,6.43
Laura Dick,19,Hoffenheim,2022-23,360,0.71,1.0,0.19,1.0,1.82
Manon Klett,25,Koln,2022-23,1440,0.52,0.08,0.35,1.94,4.7
Jasmin Pal,25,Koln,2022-23,540,0.43,0.32,0.56,2.17,1.69
Friederike Abt,28,Bayer Leverkusen,2022-23,1710,0.42,0.07,0.37,1.42,4.73
Ena Mahmutovic,18,MSV Duisburg,2022-23,1871,0.62,0.08,0.14,2.07,6.79
Laura Sieger,22,SV Meppen,2022-23,1980,0.47,0.09,0.37,1.82,6.08
Anna Wellmann,27,Turbine Potsdam,2022-23,1350,0.03,0.04,0.15,3.27,0.33
Vanessa Fischer,25,Turbine Potsdam,2022-23,270,0.59,0.0,0.0,0.0,0.72
Anneke Borbe,21,Werder Bremen,2022-23,1482,0.6,0.13,0.77,2.0,6.33
Hannah Etzold,17,Werder Bremen,2022-23,275,0.92,0.64,0.61,0.65,1.67
Merle Frohms,27,Wolfsburg,2022-23,1860,0.6,0.03,0.41,0.82,6.98
Dolores Gallardo,30,Atletico Madrid,2023-24,2430,0.87,0.06,0.26,0.78,10.0
Patricia Larqué,31,Atletico Madrid,2023-24,270,0.67,0.66,0.08,0.33,0.88
Adriana Nanclares,21,Athletic Club,2023-24,1890,0.77,0.05,0.14,1.14,6.69
María Asunción Quiñones,26,Athletic Club,2023-24,810,0.48,0.09,0.17,1.44,1.8
Cata Coll,22,Barcelona,2023-24,1350,0.77,0.05,0.4,0.2,5.08
Sandra Paños,30,Barcelona,2023-24,1237,0.77,0.18,0.44,0.51,4.87
María Miralles,26,Eibar,2023-24,2160,0.82,0.05,0.38,1.17,8.6
Noelia García,30,Eibar,2023-24,450,0.21,0.22,0.05,3.0,0.4
Sandra Estévez,21,Granada,2023-24,2430,0.52,0.03,0.44,1.74,6.52
Andrea Romero,28,Granada,2023-24,270,0.32,0.41,0.25,3.67,0.41
Emma Holmgren,26,Levante,2023-24,1440,0.87,0.09,0.19,0.5,5.83
Andrea Tarazona,19,Levante,2023-24,1170,0.7,0.01,0.21,1.46,3.77
Nayluisa Cáceres,23,Levante Las Planas,2023-24,2593,0.56,0.04,0.45,1.94,7.5
Paola Ulloa,26,Madrid CFF,2023-24,2700,0.45,0.01,0.22,1.8,5.84
Paula Vizoso,23,Real Betis,2023-24,2250,0.55,0.04,0.27,2.24,6.0
Malena Mieres,23,Real Betis,2023-24,450,0.33,0.35,0.65,2.6,0.93
Misa Rodríguez,24,Real Madrid,2023-24,2250,0.55,0.02,0.46,1.16,6.39
Mylène Chavas,25,Real Madrid,2023-24,450,0.5,1.0,0.5,0.8,1.54
Elene Lete,21,Real Sociedad,2023-24,2430,0.56,0.03,0.4,1.85,6.88
Olatz Santana,26,Real Sociedad,2023-24,270,0.53,0.24,1.0,1.67,0.8
Esther Sullastres,30,Sevilla,2023-24,2070,0.58,0.04,0.49,1.65,6.24
Yolanda Aguirre,24,Sevilla,2023-24,630,0.28,0.0,0.36,2.57,0.82
Zala Meršnik,22,Sporting de Huelva,2023-24,1890,0.51,0.05,0.18,2.0,4.57
Chelsea Ashurst,33,Sporting de Huelva,2023-24,810,0.45,0.1,0.56,2.33,1.98
Aline,34,UDG Tenerife,2023-24,2070,0.57,0.05,0.42,1.52,6.01
Noelia Ramos,24,UDG Tenerife,2023-24,370,0.81,0.09,0.06,1.22,1.25
Antonia Canales,20,Valencia,2023-24,1734,0.6,0.07,0.28,2.08,5.12
Enith Salón,21,Valencia,2023-24,966,0.71,0.12,0.44,2.24,3.42
Carmen Carbonell,24,Villarreal,2023-24,2070,0.6,0.03,0.3,1.91,6.08
Elena de Toro,26,Villarreal,2023-24,630,0.68,0.16,0.43,1.14,2.12
Jana Xin,18,Alaves,2022-23,1440,0.28,0.09,0.21,2.69,2.58
Patricia Larqué,30,Alaves,2022-23,1260,0.52,0.12,0.19,2.14,3.94
Laura Martínez,21,Alhama,2022-23,2160,0.41,0.04,0.53,1.83,6.12
Noelia Gil,28,Alhama,2022-23,540,0.44,0.0,0.12,2.17,1.22
Dolores Gallardo,29,Atletico Madrid,2022-23,2610,0.53,0.06,0.35,1.17,8.75
María Asunción Quiñones,25,Athletic Club,2022-23,2430,0.56,0.05,0.44,1.59,8.86
Amaia Peña,23,Athletic Club,2022-23,270,0.72,0.21,0.12,0.33,1.03
Sandra Paños,29,Barcelona,2022-23,1784,0.64,0.14,0.66,0.45,7.86
Gemma Font,22,Barcelona,2022-23,720,0.66,0.15,0.74,0.12,3.22
Andrea Tarazona,18,Levante,2022-23,1705,0.62,0.04,0.2,0.79,6.23
María López,19,Levante,2022-23,545,0.22,0.4,0.49,1.65,1.08
Livia Peng,20,Levante,2022-23,450,0.56,0.14,0.22,1.8,1.44
Doris Bačić,27,Levante Las Planas,2022-23,2250,0.56,0.06,0.36,2.28,7.95
Laura Coronado,19,Levante Las Planas,2022-23,315,1.0,0.25,0.21,0.0,1.77
Paola Ulloa,25,Madrid CFF,2022-23,2520,0.52,0.03,0.33,1.29,8.14
Gaëlle Thalmann,36,Real Betis,2022-23,1620,0.53,0.09,0.7,1.72,6.05
Malena Mieres,22,Real Betis,2022-23,1080,0.55,0.12,0.71,2.58,4.14
Misa Rodríguez,23,Real Madrid,2022-23,2340,0.67,0.07,0.46,0.88,10.0
Méline Gérard,32,Real Madrid,2022-23,360,0.73,0.86,0.56,0.5,1.95
Elene Lete,20,Real Sociedad,2022-23,1440,0.51,0.06,0.86,1.69,5.42
Adriana Nanclares,20,Real Sociedad,2022-23,1260,0.51,0.06,0.26,1.64,3.91
Esther Sullastres,29,Sevilla,2022-23,2070,0.57,0.08,0.34,1.3,7.49
Yolanda Aguirre,23,Sevilla,2022-23,630,0.33,0.51,0.8,2.0,2.0
Chelsea Ashurst,32,Sporting de Huelva,2022-23,1440,0.73,0.07,0.49,1.69,6.6
Zala Meršnik,21,Sporting de Huelva,2022-23,1260,0.53,0.09,0.24,1.93,4.04
Noelia Ramos,23,UDG Tenerife,2022-23,1260,0.39,0.12,0.53,1.5,3.5
Aline,33,UDG Tenerife,2022-23,990,0.46,0.14,0.41,1.45,3.0
Nayluisa Cáceres,22,UDG Tenerife,2022-23,450,0.32,0.31,0.97,1.4,1.3
Enith Salón,20,Valencia,2022-23,2340,0.65,0.09,0.44,1.81,9.72
Cosette Morché,25,Valencia,2022-23,360,0.41,0.41,0.19,2.0,0.92
Carmen Carbonell,23,Villarreal,2022-23,1630,0.48,0.05,0.72,1.6,5.64
Elena de Toro,25,Villarreal,2022-23,1070,0.18,0.03,1.0,3.03,2.11
Camelia Ceasar,25,AS Roma,2023-24,1710,0.7,0.04,0.14,1.11,5.53
Tinja-Riikka Korpela,37,AS Roma,2023-24,571,0.72,0.16,0.08,0.47,1.84
Anna Rosa Buhigas,28,ASD Calcio Pomigliano,2023-24,1170,0.38,0.08,0.17,2.92,2.14
Emilie Gavillet,23,ASD Calcio Pomigliano,2023-24,1170,0.45,0.07,0.0,2.08,2.32
Mária Korenčiová,34,FC Como,2023-24,1800,0.57,0.07,0.18,1.8,4.91
Astrid Gilardi,20,FC Como,2023-24,540,0.42,0.48,0.17,1.17,1.22
Rachele Baldi,28,Fiorentina,2023-24,1170,0.58,0.21,0.08,1.69,3.25
Katja Schroffenegger,32,Fiorentina,2023-24,1170,0.76,0.17,0.14,1.38,4.2
Sara Cetinja,23,Internazionale,2023-24,1999,0.43,0.06,0.19,1.71,4.13
Francesca Durante,26,Internazionale,2023-24,341,0.16,0.11,0.06,2.11,0.15
Pauline Peyraud-Magnin,31,Juventus,2023-24,2070,0.66,0.1,0.11,1.13,6.41
Roberta Aprile,22,Juventus,2023-24,270,0.74,0.45,0.0,0.33,0.88
Laura Giuliani,30,Milan,2023-24,1890,0.73,0.12,0.3,1.14,6.8
Selena Babb,27,Milan,2023-24,449,0.65,0.35,0.3,1.2,1.45
Doris Bačić,28,Napoli,2023-24,1800,0.8,0.13,0.04,1.65,6.64
Beatrice Beretta,20,Napoli,2023-24,450,0.51,0.23,0.05,2.4,1.01
Amanda Tampieri,26,Sampdoria,2023-24,1980,0.79,0.05,0.07,1.5,7.07
Kerttu Karresmaa,18,Sampdoria,2023-24,360,0.26,0.35,0.0,2.25,0.41
Solène Durand,28,Sassuolo,2023-24,2139,0.65,0.13,0.27,1.51,6.86
Camelia Ceasar,24,AS Roma,2022-23,1620,0.55,0.05,0.39,1.0,5.58
Emma Lind,27,AS Roma,2022-23,540,0.57,0.39,0.49,0.17,2.15
Sara Cetinja,22,ASD Calcio Pomigliano,2022-23,2340,0.5,0.03,0.26,1.88,7.17
Mária Korenčiová,33,FC Como,2022-23,1440,0.48,0.06,0.28,1.81,4.29
Beatrice Beretta,19,FC Como,2022-23,847,0.57,0.14,0.32,1.49,3.01
Katja Schroffenegger,31,Fiorentina,2022-23,1350,0.44,0.13,0.07,1.8,3.52
Rachele Baldi,27,Fiorentina,2022-23,990,0.44,0.35,0.13,2.18,2.86
Francesca Durante,25,Internazionale,2022-23,1962,0.66,0.01,0.15,1.15,7.4
Alessia Piazza,24,Internazionale,2022-23,378,0.12,0.22,0.35,3.1,0.34
Pauline Peyraud-Magnin,30,Juventus,2022-23,1800,0.58,0.08,0.26,1.35,6.39
Roberta Aprile,21,Juventus,2022-23,523,0.3,0.34,0.32,1.2,1.14
Laura Giuliani,29,Milan,2022-23,2301,0.53,0.1,0.52,1.64,8.25
Alessia Cappelletti,23,Parma,2022-23,1665,0.48,0.05,0.72,2.27,5.73
Gloria Ciccioli,22,Parma,2022-23,675,0.4,0.24,0.4,2.4,1.86
Amanda Tampieri,25,Sampdoria,2022-23,1890,0.53,0.09,0.16,1.52,5.97
Kirvil Schau Odden,30,Sampdoria,2022-23,450,0.16,0.26,0.3,3.6,0.53
Isabella Kresche,23,Sassuolo,2022-23,1743,0.55,0.11,0.44,1.45,6.26
Lia Lonni,22,Sassuolo,2022-23,327,0.48,0.38,0.41,1.38,1.03
Nicole Lauria,22,Sassuolo,2022-23,270,0.79,0.0,0.37,1.0,1.14
Camelia Ceasar,23,AS Roma,2021-22,1697,0.67,0.03,0.21,0.9,6.22
Emma Lind,26,AS Roma,2021-22,270,0.78,0.72,0.13,0.33,1.26
Sara Cetinja,21,ASD Calcio Pomigliano,2021-22,1710,0.74,0.04,0.22,2.11,6.96
Anna Rosa Buhigas,26,ASD Calcio Pomigliano,2021-22,270,0.45,1.0,0.19,2.0,0.91
Alessia Cappelletti,22,Empoli,2021-22,1530,0.68,0.07,0.21,1.53,5.79
Gloria Ciccioli,21,Empoli,2021-22,439,0.24,0.05,0.23,2.46,0.57
Katja Schroffenegger,30,Fiorentina,2021-22,1336,0.6,0.04,0.15,1.28,4.36
Sabrina Tasselli,31,Fiorentina,2021-22,630,0.0,0.12,0.06,2.71,0.0
Benedicte Håland,23,Hellas Verona,2021-22,900,0.47,0.04,0.19,3.4,2.32
Fanny Keizer,21,Hellas Verona,2021-22,900,0.25,0.02,0.02,2.8,1.09
Francesca Durante,24,Internazionale,2021-22,1980,0.69,0.04,0.05,1.36,7.21
Pauline Peyraud-Magnin,29,Juventus,2021-22,1260,0.81,0.08,0.08,0.71,5.45
Roberta Aprile,20,Juventus,2021-22,720,0.83,0.08,0.1,0.5,3.12
Stephanie Öhrström,34,Lazio,2021-22,1620,0.5,0.02,0.05,2.61,4.26
Serena Natalucci,35,Lazio,2021-22,270,0.35,0.0,0.19,3.67,0.42
Laura Giuliani,28,Milan,2021-22,1800,0.65,0.11,0.36,0.9,6.93
Yolanda Aguirre,22,Napoli,2021-22,1350,0.86,0.18,0.34,1.53,6.68
Rachele Baldi,26,Napoli,2021-22,630,1.0,0.29,0.19,1.0,3.52
Amanda Tampieri,24,Sampdoria,2021-22,1350,0.71,0.07,0.13,1.47,5.13
Selena Babb,25,Sampdoria,2021-22,360,0.85,0.0,0.0,1.25,1.47
Diede Lemey,24,Sassuolo,2021-22,1980,0.74,0.05,0.11,1.09,7.87
Camelia Ceasar,22,AS Roma,2020-21,1170,0.75,0.04,0.32,1.0,6.72
Rachele Baldi,25,AS Roma,2020-21,774,0.65,0.19,0.3,1.28,4.06
Alessia Cappelletti,21,Empoli,2020-21,1440,0.46,0.03,0.58,1.69,5.8
Noemi Fedele,24,Empoli,2020-21,450,0.45,0.0,0.88,1.4,1.87
Katja Schroffenegger,29,Fiorentina,2020-21,1350,0.72,0.09,0.29,1.4,7.62
Stephanie Öhrström,33,Fiorentina,2020-21,540,0.37,0.1,0.55,1.33,1.82
Amanda Tampieri,23,Florentia,2020-21,1170,0.54,0.08,0.01,1.92,4.62
Seraina Friedli,27,Florentia,2020-21,720,0.6,0.27,0.2,1.5,3.51
Francesca Durante,23,Hellas Verona,2020-21,1980,0.67,0.05,0.12,1.5,9.96
Chiara Marchitelli,35,Internazionale,2020-21,863,0.51,0.03,0.51,1.67,3.68
Roberta Aprile,19,Internazionale,2020-21,757,0.27,0.08,0.25,2.38,1.72
Astrid Gilardi,17,Internazionale,2020-21,360,0.58,0.31,0.27,2.25,1.7
Laura Giuliani,27,Juventus,2020-21,1620,0.76,0.11,0.28,0.39,9.62
Doris Bačić,25,Juventus,2020-21,360,0.59,0.46,1.0,0.75,2.19
Mária Korenčiová,31,Milan,2020-21,1678,0.72,0.05,0.56,0.64,10.0
Catalina Pérez,25,Napoli,2020-21,900,1.0,0.36,0.1,1.4,7.01
Sabrina Tasselli,30,Napoli,2020-21,720,0.85,0.06,0.02,1.38,4.36
Émmeline Mainguy,32,Napoli,2020-21,360,0.0,0.18,0.02,2.75,0.0
Paula Myllyoja,36,Pink Bari,2020-21,1215,0.36,0.04,0.01,2.59,3.07
Rebecca Difronzo,17,Pink Bari,2020-21,765,0.31,0.07,0.36,3.18,2.03
Gloria Ciccioli,20,San Marino,2020-21,1710,0.48,0.03,0.19,2.63,6.27
Margherita Salvi,24,San Marino,2020-21,270,0.08,0.0,0.39,2.67,0.17
Diede Lemey,23,Sassuolo,2020-21,1890,0.62,0.09,0.3,0.9,9.3
Manuela Zinsberger,27,Arsenal,2023-24,1620,0.69,0.17,0.24,0.94,5.49
Sabrina D'Angelo,30,Arsenal,2023-24,360,0.69,0.76,0.19,0.75,1.32
Daphne van Domselaar,23,Aston Villa,2023-24,1260,0.41,0.13,0.09,2.21,2.45
Anna Leat,22,Aston Villa,2023-24,543,0.53,0.29,0.0,1.33,1.31
Sophie Baggaley,26,Brighton and Hove Albion,2023-24,1710,0.52,0.05,0.17,2.26,4.23
Shae Yanez,26,Bristol City,2023-24,630,0.16,0.21,0.0,2.71,0.43
Olivia Clark,21,Bristol City,2023-24,584,0.18,0.1,0.19,2.93,0.47
Francesca Bentley,22,Bristol City,2023-24,450,0.0,0.12,0.25,4.4,0.0
Kaylan Marckese,25,Bristol City,2023-24,314,0.19,0.75,0.0,2.87,0.37
Hannah Hampton,22,Chelsea,2023-24,900,0.84,0.28,0.3,0.7,3.74
Zećira Mušović,27,Chelsea,2023-24,630,1.0,0.28,0.36,0.43,3.07
Ann-Katrin Berger,32,Chelsea,2023-24,450,0.52,0.34,0.25,1.6,1.18
Courtney Brosnan,27,Everton,2023-24,1800,0.77,0.08,0.15,1.7,6.43
Janina Leitzig,24,Leicester City,2023-24,1260,0.7,0.14,0.27,2.0,4.27
Lize Kop,25,Leicester City,2023-24,720,0.72,0.13,0.31,2.12,2.48
Rachael Laws,32,Liverpool,2023-24,1350,0.71,0.06,0.13,1.2,4.39
Teagan Micah,25,Liverpool,2023-24,630,0.74,0.03,0.04,1.43,1.99
Khiara Keating,19,Manchester City,2023-24,1980,0.98,0.06,0.23,0.68,9.08
Mary Earps,30,Manchester United,2023-24,1980,0.72,0.04,0.25,1.45,6.74
Rebecca Spencer,32,Tottenham,2023-24,1440,0.65,0.08,0.06,1.69,4.22
Barbora Votíková,26,Tottenham,2023-24,540,0.81,0.1,0.12,1.5,1.92
Mackenzie Arnold,29,West Ham United,2023-24,1710,0.52,0.08,0.26,2.11,4.43
Megan Walsh,28,West Ham United,2023-24,270,0.49,0.2,0.25,1.67,0.56
Manuela Zinsberger,26,Arsenal,2022-23,1620,0.62,0.06,0.41,0.67,6.31
Sabrina D'Angelo,29,Arsenal,2022-23,360,0.64,0.42,0.09,1.0,1.36
Hannah Hampton,21,Aston Villa,2022-23,1350,0.44,0.12,0.22,1.87,3.71
Anna Leat,21,Aston Villa,2022-23,630,0.44,0.12,0.05,1.29,1.52
Megan Walsh,27,Brighton and Hove Albion,2022-23,1350,0.22,0.09,0.27,2.8,2.07
Lydia Williams,34,Brighton and Hove Albion,2022-23,630,0.24,0.03,0.42,3.0,0.99
Ann-Katrin Berger,31,Chelsea,2022-23,1350,0.67,0.12,0.12,0.6,5.27
Zećira Mušović,26,Chelsea,2022-23,630,0.67,0.26,0.32,0.86,2.62
Courtney Brosnan,26,Everton,2022-23,1260,0.36,0.19,0.51,1.86,3.43
Emily Ramsey,21,Everton,2022-23,720,0.78,0.1,0.37,1.25,3.37
Janina Leitzig,23,Leicester City,2022-23,1170,0.64,0.22,0.12,1.77,4.5
Kirstie Levell,25,Leicester City,2022-23,630,0.22,0.1,0.11,2.29,0.78
Rachael Laws,31,Liverpool,2022-23,1530,0.34,0.06,0.2,1.59,3.24
Faye Kirby,22,Liverpool,2022-23,270,0.0,0.37,0.12,2.0,0.0
Ellie Roebuck,22,Manchester City,2022-23,1481,0.46,0.11,0.25,1.09,4.27
Sandy MacIver,24,Manchester City,2022-23,270,0.44,0.0,0.74,0.67,0.72
Mary Earps,29,Manchester United,2022-23,1980,0.59,0.04,0.25,0.55,7.01
Grace Moloney,29,Reading,2022-23,1101,0.29,0.07,0.12,3.11,1.89
Jackie Burns,25,Reading,2022-23,874,0.37,0.11,0.19,1.96,1.94
Tinja-Riikka Korpela,36,Tottenham,2022-23,990,0.42,0.09,0.24,2.09,2.55
Rebecca Spencer,31,Tottenham,2022-23,990,0.34,0.03,0.03,2.18,1.79
Mackenzie Arnold,28,West Ham United,2022-23,1789,0.51,0.07,0.19,1.76,5.46
Manuela Zinsberger,25,Arsenal,2021-22,1800,0.71,0.07,0.15,0.5,6.94
Hannah Hampton,20,Aston Villa,2021-22,1773,0.57,0.12,0.07,1.57,5.52
Emily Ramsey,20,Birmingham City,2021-22,1285,0.4,0.12,0.08,2.24,2.87
Marie Hourihan,34,Birmingham City,2021-22,630,0.26,0.14,0.08,2.43,0.89
Megan Walsh,26,Brighton and Hove Albion,2021-22,1800,0.44,0.07,0.29,1.85,4.69
Ann-Katrin Berger,30,Chelsea,2021-22,1188,0.84,0.2,0.07,0.61,5.48
Zećira Mušović,25,Chelsea,2021-22,788,0.74,0.05,0.24,0.34,3.16
Sandy MacIver,23,Everton,2021-22,1620,0.36,0.05,0.26,1.89,3.44
Courtney Brosnan,25,Everton,2021-22,360,0.56,0.23,0.19,1.75,1.1
Demi Lambourne,25,Leicester City,2021-22,1260,0.44,0.1,0.22,2.29,3.2
Kirstie Levell,24,Leicester City,2021-22,630,0.28,0.14,0.38,2.57,1.15
Karima Benameur,32,Manchester City,2021-22,900,0.29,0.08,0.11,1.8,1.42
Ellie Roebuck,21,Manchester City,2021-22,896,0.79,0.29,0.19,0.3,4.08
Mary Earps,28,Manchester United,2021-22,1980,0.59,0.05,0.15,1.0,6.39
Grace Moloney,28,Reading,2021-22,1754,0.58,0.02,0.13,1.64,5.48
Tinja-Riikka Korpela,35,Tottenham,2021-22,990,0.4,0.07,0.05,1.36,2.1
Rebecca Spencer,30,Tottenham,2021-22,990,0.53,0.01,0.1,0.73,2.74
Mackenzie Arnold,27,West Ham United,2021-22,1620,0.53,0.13,0.29,1.67,5.11
Anna Leat,20,West Ham United,2021-22,360,0.98,0.55,0.24,0.75,2.05
Manuela Zinsberger,24,Arsenal,2020-21,1170,0.62,0.02,0.28,0.77,5.57
Lydia Williams,32,Arsenal,2020-21,810,0.57,0.09,0.28,0.56,3.65
Lisa Weiß,32,Aston Villa,2020-21,1890,0.41,0.08,0.48,2.14,7.01
Hannah Hampton,19,Birmingham City,2020-21,1890,0.47,0.08,0.2,2.1,7.09
Megan Walsh,25,Brighton and Hove Albion,2020-21,1350,0.42,0.02,0.33,1.73,4.61
Cecilie Fiskerstrand,24,Brighton and Hove Albion,2020-21,630,0.14,0.09,0.32,2.14,0.87
Sophie Baggaley,23,Bristol City,2020-21,1890,0.24,0.06,0.39,3.24,4.37
Ann-Katrin Berger,29,Chelsea,2020-21,1530,0.7,0.11,0.33,0.41,8.59
Carly Telford,33,Chelsea,2020-21,270,0.55,1.0,0.39,1.0,1.56
Sandy MacIver,22,Everton,2020-21,1548,0.41,0.03,0.39,1.45,5.37
Tinja-Riikka Korpela,34,Everton,2020-21,432,0.78,0.14,0.31,1.04,2.56
Ellie Roebuck,20,Manchester City,2020-21,1800,0.57,0.01,0.54,0.65,8.65
Mary Earps,27,Manchester United,2020-21,1980,0.64,0.01,0.28,0.91,9.75
Grace Moloney,27,Reading,2020-21,1980,0.41,0.08,0.32,1.86,6.91
Rebecca Spencer,29,Tottenham,2020-21,1440,0.67,0.05,0.12,1.94,7.14
Aurora Mikalsen,24,Tottenham,2020-21,450,0.27,0.39,0.0,2.0,1.06
Mackenzie Arnold,26,West Ham United,2020-21,1440,0.65,0.12,0.69,2.06,8.29
Courtney Brosnan,24,West Ham United,2020-21,540,0.85,0.19,0.23,1.0,3.5
Manuela Zinsberger,23,Arsenal,2019-20,1080,0.48,0.02,0.18,0.92,3.52
Pauline Peyraud-Magnin,27,Arsenal,2019-20,270,0.54,0.74,0.19,0.67,0.95
Hannah Hampton,18,Birmingham City,2019-20,1170,0.73,0.03,0.17,1.77,5.97
Megan Walsh,24,Brighton and Hove Albion,2019-20,1350,0.48,0.06,0.18,1.67,4.62
Sophie Baggaley,22,Bristol City,2019-20,1260,0.54,0.03,0.1,2.71,4.56
Ann-Katrin Berger,28,Chelsea,2019-20,1170,0.62,0.09,0.08,0.85,5.03
Tinja-Riikka Korpela,33,Everton,2019-20,990,0.58,0.02,0.12,1.45,3.8
Sandy MacIver,21,Everton,2019-20,270,0.0,1.0,0.08,1.67,0.0
Anke Preuß,26,Liverpool,2019-20,900,0.63,0.01,0.05,1.5,3.64
Frances Kitching,21,Liverpool,2019-20,360,0.31,0.24,0.01,1.25,0.46
Ellie Roebuck,19,Manchester City,2019-20,1439,1.0,0.0,0.11,0.56,10.0
Mary Earps,26,Manchester United,2019-20,1260,0.68,0.02,0.06,0.86,5.75
Grace Moloney,26,Reading,2019-20,827,0.31,0.05,0.19,1.85,1.64
Rachael Laws,28,Reading,2019-20,431,0.51,0.31,0.21,1.46,1.43
Rebecca Spencer,28,Tottenham,2019-20,1207,0.71,0.04,0.0,1.34,5.73
Courtney Brosnan,23,West Ham United,2019-20,900,0.38,0.14,0.1,2.2,2.31
Anna Moorhouse,24,West Ham United,2019-20,360,0.07,0.2,1.0,3.0,0.31
Pauline Peyraud-Magnin,26,Arsenal,2018-19,1170,0.6,0.58,0.29,0.85,5.73
Sari van Veenendaal,28,Arsenal,2018-19,630,0.55,1.0,0.13,0.29,2.85
Hannah Hampton,17,Birmingham City,2018-19,1080,0.81,0.13,0.32,0.92,6.05
Ann-Katrin Berger,27,Birmingham City,2018-19,720,1.0,0.39,0.06,0.75,4.82
Marie Hourihan,31,Brighton and Hove Albion,2018-19,1206,0.0,0.17,0.23,2.24,0.0
Sophie Harris,23,Brighton and Hove Albion,2018-19,324,0.69,0.32,0.03,1.39,1.02
Sophie Baggaley,21,Bristol City,2018-19,1800,0.72,0.27,0.39,1.7,10.0
Carly Telford,31,Chelsea,2018-19,900,0.41,0.12,0.7,0.9,2.91
Hedvig Lindahl,35,Chelsea,2018-19,810,0.73,0.24,0.91,0.56,4.7
Kirstie Levell,21,Everton,2018-19,1800,0.13,0.02,0.29,1.9,1.68
Anke Preuß,25,Liverpool,2018-19,1260,0.22,0.16,0.0,2.29,1.57
Frances Kitching,20,Liverpool,2018-19,540,0.41,0.0,0.11,1.0,0.92
Ellie Roebuck,18,Manchester City,2018-19,1350,0.8,0.21,0.24,0.87,7.68
Karen Bardsley,33,Manchester City,2018-19,450,0.67,0.32,0.66,0.8,2.02
Grace Moloney,25,Reading,2018-19,1800,0.45,0.05,0.51,1.5,6.38
Megan Walsh,23,Yeovil Town,2018-19,1800,0.64,0.14,0.14,3.0,8.01
Rebecca Spencer,27,West Ham United,2018-19,992,0.2,0.36,0.53,2.36,1.99
Anna Moorhouse,23,West Ham United,2018-19,805,0.46,0.52,1.0,1.23,3.67
